mcs,DCF-NumPy_thr
0.0,4285947.532552679
1.0,6287491.135346164
2.0,8192276.123412559
3.0,11722798.84463982
4.0,14942614.910408448
5.0,20600920.86491155
6.0,25728623.696766634
7.0,27804867.55002324
