mcs,DCF-NumPy_thr
0.0,4258569.015818937
1.0,6199782.069160989
2.0,8029957.777048448
3.0,11520221.190931091
4.0,14411267.46943444
5.0,19896948.141821492
6.0,24192762.55058168
7.0,26537608.325639743
