,mcs,thr_ns3
0,0,4.28199
1,1,6.24069
2,2,8.162769999999998
3,3,11.845799999999999
4,4,15.0274
5,5,20.5187
6,6,25.171400000000002
7,7,27.5905
