N,cw_min,cw_max,p_coll_simulation,throughput_simulation
1.0,15.0,1023.0,0.0,28.7512
2.0,15.0,1023.0,0.11166119224484042,14.6317
3.0,15.0,1023.0,0.18001054458145635,9.6191
4.0,15.0,1023.0,0.23571886810107473,7.0468
5.0,15.0,1023.0,0.2760857092881253,5.5246
6.0,15.0,1023.0,0.3084513759592271,4.5209
7.0,15.0,1023.0,0.3346490637069425,3.8103
8.0,15.0,1023.0,0.3591753653989405,3.2797
9.0,15.0,1023.0,0.3815265489163916,2.8674
10.0,15.0,1023.0,0.3966771858935515,2.5526
