N,cw_min,cw_max,p_coll_simulation,throughput_simulation
1.0,15.0,1023.0,0.0,28.7512
2.0,15.0,1023.0,0.11166119224484042,29.2634
3.0,15.0,1023.0,0.17909161984061361,28.8692
4.0,15.0,1023.0,0.23465619320982184,28.1929
5.0,15.0,1023.0,0.2725283856935253,27.6804
6.0,15.0,1023.0,0.3000531133794759,27.2729
7.0,15.0,1023.0,0.32585872601958693,26.8403
8.0,15.0,1023.0,0.3451494503086032,26.5161
9.0,15.0,1023.0,0.36617782682911343,26.1199
10.0,15.0,1023.0,0.38500433139461643,25.7452
