N,cw_min,cw_max,p_coll_simulation,throughput_simulation
1.0,15.0,1023.0,0.0,28.7512
2.0,15.0,1023.0,0.11166119224484042,29.2634
3.0,15.0,1023.0,0.18001054458145635,28.8572
4.0,15.0,1023.0,0.23571886810107473,28.1872
5.0,15.0,1023.0,0.2760857092881253,27.6229
6.0,15.0,1023.0,0.3084513759592271,27.1252
7.0,15.0,1023.0,0.3346490637069425,26.6719
8.0,15.0,1023.0,0.3591753653989405,26.2379
9.0,15.0,1023.0,0.3815265489163916,25.8062
10.0,15.0,1023.0,0.3966771858935515,25.5261
