N,CWmin,CWmax,collision probability-simulation,collision probability-model
1,15,15,0.0,0.0
2,15,15,0.12047770623684455,0.117647
3,15,15,0.2255559029623719,0.2215
4,15,15,0.3125454566858628,0.313
5,15,15,0.3916690158447465,0.3939
6,15,15,0.46424562134900377,0.4652
7,15,15,0.5276797705545575,0.5281
8,15,15,0.5867202900189024,0.5836
9,15,15,0.6372775577093307,0.6326
10,15,15,0.677698975988646,0.6758
