mcs,DCF-NumPy_thr,Unnamed: 0,thr_ns3
0.0,4.2859475325526795,0,4.28199
1.0,6.287491135346164,1,6.24069
2.0,8.192276123412558,2,8.162769999999998
3.0,11.722798844639819,3,11.8458
4.0,14.942614910408448,4,15.0274
5.0,20.600920864911547,5,20.5187
6.0,25.728623696766633,6,25.1714
7.0,27.80486755002324,7,27.5905
